{
    "pressure": {
        "A0": 1.98,
        "A1": 0.0,
        "A2": 0.0,
        "A3": 1.14,
        "Forline": 0.84212
    },
    "timestamp": 1730468298.567455
}